torque,kappa,velocity,x,y
0.9942188584302394,-7.5686376176885686e-06,0.0029015929119982214,2.9999988293631685,-11.999972231742552
0.9856359089367303,-1.6627307304828416e-05,0.007195298831894399,2.9999988220681555,-12.000003621335637
0.9886750414963635,-7.6143720206199274e-06,0.005668065717101896,2.9999988141154734,-12.000035778011156
0.9950723223006313,-1.8185696344525661e-06,0.0024888905260342553,2.9999988062516416,-12.000042348895438
0.22116652738617312,5.2571812097743069e-06,0.38944055468411914,3.008935657121603,-12.000047378323728
-0.01,9.471602397543548e-06,0.8272088002297743,3.0397884673148168,-12.00004919030754
-0.01,1.2679510977664573e-05,1.1059968905267459,3.086558400119083,-12.000051811579823
-0.01,0.00012466330058400876,1.2192171391735382,3.1466605133417453,-11.999968069615754
-0.01,0.00011586778302431915,1.2434829452406033,3.208534939780001,-12.000068868295756
-0.01,0.0001383461179916487,1.2328770727658283,3.270421942277331,-12.000217059961896
-0.01,0.00013871071337640155,1.2222516090866657,3.3317781707368677,-12.000303347279132
-0.01,0.0001467391596865383,1.2184924332051867,3.3926509481984533,-12.00037583637993
-0.01,0.00015476884488423089,1.1915959460010974,3.452739226253149,-12.000576588683336
-0.01,0.00012340762076517206,1.1854290181323137,3.5121330455183837,-12.000551789634622
-0.01,0.0001190396898135114,1.173803702018591,3.571103623924955,-12.000618894130943
-0.01,0.00013620787247124925,1.164205429533288,3.6295126936261166,-12.000697029845007
-0.01,0.00016522950201710692,1.152506033850296,3.687598167538129,-12.000805225439526
-0.01,0.00016920585525991187,1.1278844646393424,3.7444577971659583,-12.000753884689434
-0.01,0.00020804286103880587,1.1230270784267402,3.800766784415779,-12.000974237331913
-0.01,0.00015169166462603403,1.112199253572798,3.8566402684489587,-12.000857741894619
-0.01,0.00015745615174992181,1.1015473524847363,3.9119818411801313,-12.000957309322796
-0.01,0.00015817831777094419,1.0931143595595416,3.9558750405919962,-12.000976216101218
-0.01,0.00017684707170436502,1.0803507818984073,4.0210757328952695,-12.001104122697999
-0.01,0.0001900082572330221,1.0697486303550312,4.074825483995467,-12.001168020460355
-0.01,0.0001814923051966182,1.0591567990524244,4.128045640138552,-12.001215763260829
-0.01,0.00018451924799528445,1.0485675809478314,4.180736234406813,-12.001252119673266
-0.01,0.00018442195405916852,1.0379740141534526,4.232896788325094,-12.001287911892042
-0.01,0.00018428026104768514,1.0273867044033347,4.284527130500459,-12.001337145734876
-0.01,0.0001697424990792529,1.016813229898772,4.335628026158694,-12.001405624640354
-0.01,0.000178827729022002,1.006238303269175,4.386199539272162,-12.001486577517543
-0.01,0.00019357135300389282,0.9956452486867162,4.436241732824484,-12.001567073075899
-0.01,0.00020967814855484178,0.9850446615957961,4.485754669056244,-12.001635334011366
-0.01,0.00020073087860408997,0.9744601220254309,4.534738410760146,-12.00168071087506
-0.01,0.00020599430806280262,0.9638882234692084,4.5831930202017315,-12.001704467560831
-0.01,0.00020498323661040577,0.9554161033790894,4.631118558618251,-12.00172111354812
-0.01,0.00020539775762007189,0.9427191896016636,4.678515085938194,-12.00176025154805
-0.01,0.00018437770100244842,0.9199891786817782,4.725292682894843,-12.00180810897976
-0.01,0.00018659387404848632,0.9007752390939515,4.770683964232382,-12.00186754447833
-0.01,0.00021486933506129161,0.9155531210591281,4.81624587068484,-12.00189988978101
-0.01,0.00020235750941817275,0.9015280635612316,4.8615937121767265,-12.001968505488282
-0.01,0.0001958143151261646,0.8910031120342958,4.90640028546369,-12.002026018551215
-0.01,0.00019699777488961631,0.8845543850064245,4.933030180738696,-12.00205539099179
-0.01,0.00020709290191878784,0.871820994226042,4.985715473817598,-12.002097498816632
-0.01,0.00021140070007745877,0.8612508417866082,5.0290381894486105,-12.00213214681409
-0.01,0.00021721741531636367,0.8549100166222876,5.054778127843997,-12.002176839420754
-0.01,0.00019632923257912525,0.8230520101731286,5.105277711598153,-12.002209013113827
-0.01,0.00020388944224659119,0.8204587307718296,5.154514863070607,-12.002268857273533
-0.01,0.00020522436664623553,0.824272464344409,5.179176077791493,-12.002272249617832
-0.01,0.00021905362471242657,0.8104052514756619,5.23626752446284,-12.002380976448265
-0.01,0.00023358275567546578,0.8020576958815788,5.268513638053532,-12.002348938304271
-0.01,0.00019759338360092872,0.7871403014554824,5.324128232838552,-12.002426191435514
-0.01,0.00020357239397547096,0.7829278803074448,5.35544111731747,-12.002474352771925
-0.01,0.00018721409347781571,0.7523008836143488,5.401257417808857,-12.002598486217813
-0.01,0.00017499951078092424,0.7433175982356006,5.431135286472178,-12.00269665925873
-0.01,0.00017899815274863751,0.7399204124750767,5.468237844001623,-12.002744678978537
-0.01,0.00014154183557185673,0.7230459325310177,5.511892007122137,-12.002657424226056
-0.01,0.00018423523622427643,0.7122895857893649,5.540548247505656,-12.00278337303989
-0.01,0.00018665788536760826,0.7038916977483786,5.568866771078258,-12.002754133706603
-0.01,0.00019193637895409667,0.6891138608203959,5.617614534365299,-12.002662821220428
-0.01,0.0002044758490747824,0.6806763817092727,5.645005964321311,-12.002670939166308
-0.01,0.00022703086543791892,0.6622141299783217,5.678421053820986,-12.002693124783768
-0.01,0.00025399685993610267,0.6474955845496522,5.697981246616497,-12.002651873388277
-0.01,0.00023553689035762747,0.6371946294679822,5.742839557200596,-12.002636392471633
-0.01,0.00023894826094321927,0.633267692373907,5.761905373355523,-12.002669707914158
-0.01,0.00021225320209123313,0.6156795847528681,5.811486576279745,-12.002737938831181
-0.01,0.00022330574668121648,0.6072428749433793,5.823672151793578,-12.002849360257763
-0.01,0.00025131859411240358,0.5945576406500458,5.859722502605489,-12.002901385837195
-0.01,0.00024852401672113725,0.5818975355481538,5.89501537888356,-12.002938631438651
-0.01,0.00022183187447234046,0.5755670515030625,5.929548995273191,-12.002985246881059
-0.01,0.00022863052245881236,0.5607964545196031,5.952149433022877,-12.00300910349468
-0.01,0.00023380119594526618,0.5502459356430381,5.97992513162243,-12.003031157622058
-0.01,0.00022902258410199673,0.5439027773772995,6.001765513675945,-12.003052985033595
-0.01,0.00023852071958200074,0.5291550529264502,6.033891616157828,-12.003056011600759
-0.01,0.00024411799512514659,0.5206909329689182,6.0548863089991976,-12.003082796994509
-0.01,0.00023992032011284795,0.5080347438663234,6.085744984058275,-12.003090644832382
0.0050077901842785115,0.00021201518705114548,0.4974961500383656,6.110880564070655,-12.00311969739251
0.004493264024578892,0.00021743068275348511,0.49775340558892583,6.1356772331968905,-12.00315194959899
-0.0033941664649750776,0.00021766783873585177,0.5016970366219846,6.155669891905679,-12.00315465190199
-0.004793400152105587,0.00022376279726124798,0.502396622251472,6.180824746948738,-12.003187372533148
0.005826688113701589,0.00023629602697382583,0.4970867138712496,6.210821223081226,-12.003211301885703
0.005554926983965455,0.00023036443335264288,0.4972225782259213,6.22571140317464,-12.0032226289245
-0.01,0.0002369704993120311,0.50557712560621,6.260816359333691,-12.003220491420716
-0.01,0.00023616566386975657,0.5065198294617859,6.286048760688104,-12.003233822082668
0.03769747945085539,0.00022517013458113371,0.4811516889819028,6.305693475373381,-12.00320598097706
0.014729236883154303,0.00022760521461138896,0.4926355985765541,6.33442368667793,-12.003058799478909
-0.01,0.00024305326496328338,0.5129050934805496,6.354638236390234,-12.002946649649706
-0.01,0.00025095163982955773,0.5178688156161265,6.380548023066658,-12.00290112824664
-0.01,0.00026447848392023446,0.5140248109803572,6.416587819989644,-12.003024463348616
0.0028676089975697458,0.00026264098383595283,0.49856622729215394,6.441675355398895,-12.002924424344092
0.006240397969232925,0.00027024732685113046,0.4968799264341427,6.4565591187794515,-12.003032526709282
-0.005838918518349585,0.00028581870988560014,0.5029190771759091,6.486523519703662,-12.003057164773006
-0.0065210780492082464,0.00025779841456152633,0.503260483987519,6.501644602040496,-12.003076783289488
0.009018024780003962,0.00026151510517595354,0.4954912011013094,6.531612686028122,-12.003098976677732
-0.0007576880692296537,0.00026601223690093923,0.5003788369895162,6.5613598196927105,-12.003131077599152
-0.005878010121375838,0.00026767551804592922,0.5029389520877089,6.576433343151341,-12.003142118297841
0.004190865226648178,0.00027396100793893209,0.4979046075529473,6.61152799925187,-12.003175678570118
0.0016825318695255246,0.00027747537681552232,0.4991587507927286,6.636400586217093,-12.003197288331046
-0.003282332653171029,0.00028086258413970486,0.5016411367460072,6.661435143620516,-12.003218540894954
-0.0028430209139001118,0.00028369563880011387,0.5014214856488414,6.691215436102251,-12.00324939622071
0.05056363411841875,0.0002509375873883674,0.47471868563721364,6.710372731860951,-12.003247411919299
-0.01,0.00025277213700184505,0.5090709381419456,6.734663455673647,-12.003272555423322
-0.01,0.00021613989798849212,0.5136095421001442,6.765735553123188,-12.003350506358373
-0.01,0.00018821949299219456,0.5114510153097783,6.781127488836964,-12.003480276240975
0.006652324099700411,0.00015396512381018489,0.49667400733034595,6.811134614611004,-12.00359834311571
0.006607813282916275,0.00016259946557191355,0.4966961982785451,6.825985050373048,-12.003614911027485
-0.004082847847242853,0.0001545755258495877,0.5020413821644667,6.856111477004198,-12.003648116518145
-0.01,0.00016879319238104776,0.5076064517624522,6.891844022234246,-12.003665169680405
-0.003835633561732318,0.00010123686716773462,0.5019177731608616,6.906991005897536,-12.003597826019398
0.012726868452569689,0.0001160110181071019,0.4936367223408725,6.9367943584683305,-12.00360448164009
0.005772459526883198,0.00010836909275027237,0.4971139246448487,6.9516164338070086,-12.00353886354464
-0.01,0.00012709060408138231,0.5096657723587479,6.98188193415861,-12.003616140045894
-0.01,0.0001374009523288892,0.5056330763884106,7.012483177210995,-12.00358436486878
0.005619287887137156,0.00014457068281569104,0.49719042719496404,7.03253597345284,-12.00361849206168
0.00991017033595943,0.00014645870195794197,0.4950451345597682,7.052312963872408,-12.003644364562708
-0.008107344290447755,0.00013801308566897599,0.5040535921230253,7.08224625235708,-12.003573843853003
-0.0014786349007605366,0.00011657824898252674,0.500739306345725,7.117612266849338,-12.00366412295317
0.0028855545587443635,0.00011157471598429023,0.4985572926837655,7.13757918342449,-12.003651949607091
0.0018674710045063474,0.00013282822511125923,0.4990662834645763,7.167529039733112,-12.003665042823956
-0.0044675706762602315,0.00011770691301527591,0.5022337022593756,7.182575419377906,-12.00367079088652
0.02835023190450571,0.0001403692278177585,0.4858251476525033,7.2124144618918935,-12.003681031320752
0.02943252071166402,0.00012656233662596683,0.4852840827801696,7.241680191653367,-12.003625938147277
-0.01,0.00013672251406702442,0.5238937742967956,7.26215320853312,-12.003648975054796
-0.01,0.00013057962894098875,0.5312070356260591,7.288689070382366,-12.003641011697539
-0.01,0.00011299106494034671,0.5470550657525574,7.310195817719849,-12.003665425784362
-0.01,0.0001343153768767123,0.5358215019769106,7.337519205708776,-12.003678141044311
-0.01,0.00013963880446019706,0.5273893434540509,7.3745115479760175,-12.003723790563926
-0.01,0.00013906247424085038,0.5168408278104824,7.400300318145772,-12.003726923697686
-0.00838389034508758,0.00014282972788450625,0.5041917568869552,7.415519991846712,-12.003729252318761
0.014379166425301805,0.00015401391763704577,0.4928107623393912,7.445414036469443,-12.003741790522737
0.011106350066638888,0.0001560051340866412,0.4944472086296051,7.465066614724041,-12.003755687240503
-0.01,0.00016011179276722212,0.5078367998399906,7.490151167507002,-12.003756078317501
-0.008211822715040678,0.00012305759616758975,0.5041057709843955,7.5258189227056596,-12.003757389887404
-0.0008554837903618313,0.00013446517369527453,0.5004277334512699,7.535862185043377,-12.003770562699215
0.011882386182710496,0.00012826840848625205,0.4940589139934202,7.5705751128520955,-12.003771482604186
-0.004074392367903223,0.00013506470667866823,0.5020371521799911,7.5954073717554165,-12.003794066350794
-0.01,0.00013253162821826199,0.5050960530452924,7.625668475039606,-12.003794147539908
0.0061497381453456115,0.00014110497638339614,0.49692528047366036,7.640668297774749,-12.003809578592852
0.011996267959354935,0.00013929140768957792,0.49400198442749793,7.660422127798936,-12.003801358002539
-0.004641789181214266,0.00014744267624825443,0.5023206705077663,7.700488820237372,-12.003785243914672
-0.01,0.00012658161280417347,0.5079494731035956,7.715769655122788,-12.00381654999602
-0.00857428212331561,0.00012240915315409647,0.5042870380330186,7.750963319458505,-12.00383171868792
0.02670629491237012,0.00012833404264128806,0.48664735872313886,7.7755212599141315,-12.00385425162944
0.0128155298261523,0.00012972671093926217,0.49359245782224526,7.785296593605439,-12.003811970294954
-0.01,0.0001424521589678116,0.5253161826785187,7.8262937996035165,-12.003860468838734
-0.01,0.00014376666275835523,0.5191850110143403,7.8472236640063615,-12.003878410184273
-0.01,0.00014151386608375648,0.5107507032480091,7.867821711068256,-12.003883836733475
0.0009735264295583254,0.00015123197083152784,0.49951324583721723,7.893095043100486,-12.003894173219628
0.04575204659466314,0.00012949020495742257,0.4771248667720918,7.922169159104146,-12.003708944962382
0.02880613859462916,0.00014009687829357392,0.485597155280123,7.936486239017127,-12.00369872670196
-0.01,0.00012819518814752152,0.5402981696996669,7.972542264125245,-12.003617870346906
-0.01,0.00012766883313374632,0.5445843452661696,7.999926515543061,-12.003606715304976
-0.01,0.0001524745577115368,0.5410504991211249,8.01635765492737,-12.003781062752392
-0.01,0.00011292207736262726,0.5245588312674547,8.058943294335851,-12.003770465917547
-0.006909602830170698,0.00010234809428238933,0.5034546501924331,8.079500428807846,-12.003795082695026
0.021323876146733152,0.00010534220949743202,0.48933829985291005,8.099366097430469,-12.003902092744083
0.024492487202468275,9.1590703842334834e-05,0.4877540069066469,8.133589717035,-12.004170707722647
-0.01,9.8321343981210238e-05,0.5126764797495525,8.143729374647913,-12.004151393409238
-0.01,0.0001162611433294277,0.5280033634558243,8.175216967656821,-12.004188704632542
-0.01,0.00010096196012727461,0.519747077870862,8.196286294217721,-12.00405618092295
-0.01,0.00011462473548031888,0.509225261372744,8.22201093028441,-12.004059293947822
0.0379339098587983,0.00010955449148574219,0.481033408638417,8.251844904291362,-12.004087757592941
0.03552554741454844,0.00010779084585884631,0.48223740670083987,8.270857901220158,-12.004063109025099
-0.009121521745741948,8.8775961158121453e-05,0.5045607119417402,8.311022680748867,-12.004040888776643
-0.01,0.00013136386319541904,0.5177312138704574,8.32648903834329,-12.003909593871317
-0.01,0.00019641437237721531,0.5459357264167312,8.363755600212196,-12.003551489328833
-0.01,0.00025630645723302199,0.5266899885117932,8.374325572155113,-12.003639068584238
-0.01,0.00023068092234638881,0.5085547330351663,8.410688037781073,-12.003813797289176
-5.080929454852826e-05,0.00023094445902245689,0.5000254040549194,8.43590125703757,-12.0038121923696
0.007197377040817835,0.00026030198733855125,0.4964013979633284,8.450823243655597,-12.00380637979508
0.0005287817665216946,0.0002707617387879354,0.49973561513020803,8.480646526909174,-12.003856579849504
-0.007920158213703038,0.00023998618560026259,0.5039600150940801,8.510822215687776,-12.003870686764632
-0.002810922284947775,0.00023993029410880877,0.5014054366144568,8.525923263039198,-12.00388307798816
0.01278836552495953,0.00024423009791381536,0.4936059315723734,8.560684322711454,-12.003901786735103
-0.004366162641138054,0.00024687759912292965,0.5021829542250076,8.585496124185138,-12.00391792139156
-0.005529360410835762,0.00025057892258350048,0.5027645971548709,8.605655411475405,-12.003930912400559
0.0026897613744510116,0.00025460398407732332,0.4986551468235135,8.640595137370447,-12.00396415739511
0.0083510562530328,0.00025681775179149462,0.49582454952287125,8.655448926034989,-12.00396565217921
-0.007233099294058938,0.00026432793312568227,0.5036164911872463,8.68538653949662,-12.003994499403674
-0.006543498640883165,0.00022607658520508287,0.5032716842659134,8.700526825356187,-12.00399566280118
0.040365769466506676,0.00025466889228007594,0.4798177215573455,8.7349548713641,-12.003907838573806
0.06164574834889649,0.0002770322013291733,0.4691776461079766,8.75379773020203,-12.00379050728763
0.019755288927233623,0.0002953862570306959,0.4901225985678439,8.788126577244624,-12.003663369316715
-0.01,0.00028506382045652098,0.5594455929019263,8.799148962037448,-12.003706612544772
-0.01,0.00027513610532433805,0.5658256451408776,8.839181805678257,-12.003797401981556
-0.01,0.0002594531173548867,0.5472738434716544,8.861338695017944,-12.003724572603456
-0.01,0.00025270588445681143,0.5350981049221636,8.88294018275111,-12.00375570400061
-0.01,0.00022002586654686746,0.5283543802310616,8.92521760321376,-12.00379934355869
-0.001531587125024601,0.00021417401243232389,0.5007657732967338,8.9508140003043,-12.003690597882512
0.018031985889207194,0.00025377560504970839,0.49098452163553186,8.965659389989199,-12.003736173523876
0.018640559070485844,0.0002395386334226446,0.4906803577274361,9.000049597062311,-12.003702703978714
-0.01,0.0002511519234968902,0.5102198454123805,9.025695456356903,-12.003715584849918
-0.01,0.0002550763999273424,0.5604703318418187,9.052731178865265,-12.003738524334661
-0.01,0.00026474562101408753,0.5392498871723976,9.06910537053033,-12.003823345677505
-0.01,0.00023317335187503113,0.5267473547877866,9.101080431440488,-12.003758153372512
-0.01,0.00023963602997518864,0.5183296842345778,9.121975224614758,-12.003788904225571
-0.01,0.00024189664135637056,0.5077840506635668,9.147619855647152,-12.003781305936942
-0.002874093609754647,0.00023639929919520023,0.5014370019917544,9.182635553851888,-12.003824614631496
0.0549945273862247,0.00023533436573603222,0.4725052259965159,9.201878326674919,-12.00381868406217
0.011087387066733071,0.00023658978949885715,0.49445641352384834,9.220997816377563,-12.003803563705215
-0.01,0.00025706737701883942,0.5322628016087632,9.25211197253936,-12.003893301767096
-0.01,0.00024281021452577368,0.5384136002381482,9.268220246341741,-12.00383100751721
-0.01,0.00022721625864360539,0.5496143276340898,9.300805134312068,-12.003930369593636
-0.01,0.00018737580161653274,0.5340259966316983,9.316783158133068,-12.003851433026078
-0.01,0.00023291966847188532,0.5208523332723856,9.364470841207549,-12.003930163164956
-0.01,0.00023506060227753659,0.5145150806112735,9.379995946340639,-12.003960486990696
-0.0037218665835402863,0.00024407508012747368,0.5018608976204958,9.410476005370937,-12.00394849153977
0.00532784069295421,0.0002442559161579695,0.49733612919259373,9.440326157696735,-12.003949247059454
0.006523270683833068,0.00025125736894695075,0.49673843091119396,9.455183757218252,-12.003972817101905
-0.008774885719107695,0.00024091259324620829,0.5043872188075375,9.485206614995253,-12.003977857898477
-0.006599163112104057,0.00022101449021697504,0.5032995220839991,9.500355835386376,-12.00399881695129
0.013179916904300249,0.00020996133260423193,0.4934102036884528,9.53023031538059,-12.004006545238964
-0.004107090561753152,0.00023442985032920909,0.5020535070925256,9.564832851021777,-12.004057147759962
-0.00343411858971622,0.00021557143783975194,0.5017170212234704,9.574880079439104,-12.004032638669663
0.007607650120519481,0.00024119945545228211,0.49619624132384954,9.60979228149353,-12.004081718143908
0.004431741033542085,0.00023877961579354826,0.4977841678374863,9.634662210484063,-12.004066516751744
-0.01,0.00023356511758935517,0.5066021807648255,9.659868148780363,-12.004062814962587
-0.01,0.00025368735250867335,0.5054287811744571,9.675079699742373,-12.00414289728425
0.014522097629214725,0.00020214608428975486,0.4927396304325379,9.705017044700941,-12.004085173048813
0.003398602987569093,0.0002051550065121033,0.49830077507517917,9.73452095819302,-12.004165047110838
-0.007246962534111121,0.00021184595325657345,0.5036234247685328,9.764715412407382,-12.004189741273793
-0.001451933956180423,0.00022710378492005282,0.5007259434048128,9.784860507762154,-12.004214834341019
0.00523073353819438,0.00023500542962876544,0.49738468037058653,9.809778072598462,-12.00421630573905
0.003566814889530952,0.00021747488432752082,0.4982166364345337,9.824694982270593,-12.004207396997723
-0.01,0.0002172629033270257,0.5055607298171503,9.864869926627614,-12.004174707928287
-0.007097367863551421,0.00024339251825398068,0.5035484727647258,9.874972642884012,-12.004266698373542
0.06013230614771192,0.00022795018209130719,0.4699355242216696,9.918746411726708,-12.004158449165246
0.01609469454965616,0.00026743575759174038,0.4919528599326436,9.933069398720757,-12.004161527861202
-0.01,0.0002984299558631045,0.5208118955284201,9.94830631660051,-12.004151894981435
-0.01,0.00029328433308067062,0.5403414087111188,9.980556783603891,-12.00417920209021
-0.01,0.00031981496206283236,0.5233741434238103,10.012488509485703,-12.004348411128392
-0.01,0.00033101535007134787,0.518444207434916,10.02812615011734,-12.004278762044033
0.008772312097225565,0.00028912986097912844,0.4956139048126743,10.063831830566501,-12.004275243456775
0.028686863303286583,0.00027016873796288795,0.48565683508316265,10.083460713511231,-12.004377686843103
-0.004222805742868185,0.00020834143058215247,0.5021113548483884,10.107941319971642,-12.00456859241368
-0.01,0.00019883431999967929,0.5183768337732625,10.133679162596282,-12.004635564410693
-0.01,0.00023419838115200023,0.5148775313935119,10.169864061823427,-12.00458113598745
-0.00201297652815113,0.00020927458473977869,0.5010064767458633,10.18495249773982,-12.00439076118394
0.007850005537957875,0.00023206847620481209,0.4960751454551269,10.219706288700792,-12.00452339323865
0.035112391963589694,0.00023614258389205575,0.48244425857598605,10.24403798660784,-12.004460600647679
0.016490700393553718,0.00024997022544900947,0.4917551640361181,10.253771274801823,-12.004501429009592
-0.01,0.0002506147481756257,0.5344014364385712,10.29495123733055,-12.004544704656308
-0.01,0.00020885435143612734,0.53751104117356,10.311052525959255,-12.004529342287876
-0.01,0.00021338220343422237,0.5508293732939107,10.343650889315706,-12.004570702986355
-0.01,0.00020713475715588005,0.5343818827227648,10.359436797502333,-12.004574687434438
-0.01,0.00022396043832958502,0.5189670256850273,10.401630497841527,-12.00459809005387
-0.01,0.00022177022894075124,0.512648889795875,10.41710470189482,-12.00459753284657
7.707256580876521e-06,0.00022926838773483011,0.4999961464152591,10.447482531848092,-12.00461697681569
0.005415158806984531,0.00022830132875567609,0.4972924659124631,10.46241930424641,-12.004615311790428
-0.0025259774700585706,0.00023632070948613777,0.5012629744621035,10.497303749985514,-12.004632108780893
-0.0015332341209149936,0.00019793042911178365,0.5007666019269241,10.52239648816095,-12.004638693953448
0.0010101610211406906,0.00020098458637403372,0.49949492888206004,10.537398860923998,-12.004655580838294
0.0017104259016605542,0.00020214719915759765,0.4991448106599823,10.57232143246159,-12.004654907931302
-0.0006511692678746722,0.00020541469137713448,0.5003255566911824,10.59231014784716,-12.004659599141661
-0.0016176652646414046,0.00020790289070548798,0.5008087952615146,10.617356353964936,-12.004669880319323
0.0015378867508713864,0.00021528914288341473,0.49923110183117986,10.647368538651854,-12.004691650204304
0.0005424789311629686,0.0002196856171212346,0.4997287678288323,10.677340904345005,-12.004691046040715
-0.0016929482053270452,0.00022184088164250597,0.5008464466163323,10.692362354257119,-12.004706854068669
0.013549999953799362,0.00018538903618360328,0.4932254186793251,10.712358719996171,-12.00471205962333
0.03285375691422936,0.00021519976877512725,0.4835733377293509,10.74633600777669,-12.004649003732089
-0.01,0.00019927005386504985,0.5070403204242206,10.76607946987415,-12.004661624556428
-0.01,0.00018736506493416999,0.523857323870005,10.792157308486006,-12.004736604448002
-0.01,0.0001976476766414475,0.5067387174446797,10.827338680730998,-12.004599790631522
0.08490946299865905,0.00018334480130953541,0.45754575435095485,10.846076116302047,-12.004630700983352
0.00965158423420961,0.0001814888453023835,0.49517451161122167,10.864733236882511,-12.004712339469972
-0.01,0.00017932373015862034,0.5505832997163851,10.891430968393534,-12.004754299598273
-0.01,0.00013828207706043067,0.5697511960262658,10.908294557212193,-12.004769075412218
-0.01,0.00016934973168188802,0.5217512466287461,10.95687635051119,-12.004678334191237
-0.01,0.00017249235910165106,0.5088762203919226,10.97229531214197,-12.004702628836153
-0.009612004911357396,0.00017531902079322758,0.5048056704141085,10.987494942311411,-12.004673918617302
-0.01,0.00019123211294687072,0.5118312824801525,11.033030508990944,-12.004694227496271
-0.01,0.00019381121824867077,0.520831242011307,11.048518862781554,-12.004678787913491
0.004926672701878375,0.00018880879264568468,0.49753671086748996,11.078297951062249,-12.00473536985816
0.010749767578154287,0.00019577610532232797,0.4946252292343903,11.093143382755931,-12.004678955409874
-0.01,0.00017599354713844319,0.5064093198892181,11.1281013417867,-12.004749996119685
-0.008035645437637599,0.00017464958961722858,0.5040177336339008,11.148385279483199,-12.004759287909666
0.01423663548631682,0.00017944034683176058,0.4928820488200318,11.178267622880798,-12.004718970985477
0.012896756399807854,0.00018200016781241563,0.4935516909829464,11.193005786626877,-12.004773330146849
0.012284921022204139,0.00017277105622400953,0.4938576791967981,11.232378682907951,-12.004924911758362
-0.004137918684328356,0.00017604861687542592,0.5020689196833453,11.252296347704242,-12.005082257821863
-0.01,0.00018346859288397951,0.5053082272665982,11.267436541871025,-12.005183000117174
0.007237137428226319,0.00015273209658941069,0.49638165489272407,11.307643725269775,-12.005211206781137
-0.00825869267031202,0.00011426070242732271,0.504129244735926,11.317703859498492,-12.005130832925023
0.0014235875386345365,0.00012059771344337325,0.4992882165146486,11.347824260893923,-12.005185153071322
0.008339639977800654,0.00011820393990869606,0.49583042515717307,11.367683929104816,-12.00518690135003
-0.01,0.00012102943754500554,0.5050456275974394,11.407600762877339,-12.005164634149358
-0.002760130509324282,0.00012276372627082491,0.5013800354448984,11.422724637946729,-12.005198681300627
0.012035674366358816,0.00011654382034334971,0.49398228849953874,11.457474729250787,-12.005132342376545
-0.001338903236946003,0.00012420400454308685,0.5006694395521969,11.477318010706993,-12.005132592964912
-0.0075388080663988805,0.00013335363861483534,0.5037691802711909,11.49745717754361,-12.005145699640176
0.005308709586167231,8.474632416340176e-05,0.4973460051217644,11.527538902660469,-12.005139260245157
0.00552200784504166,8.7832049936972846e-05,0.49723919670500744,11.54737445424992,-12.005122053398077
-0.005854917556950684,8.9454897608541261e-05,0.5029273063518255,11.572374347959233,-12.005135298676642
-0.008773300204270619,0.00011361308049372076,0.5043865635067292,11.602684479786538,-12.005186961877735
0.03590757061285161,0.00010796792229270242,0.48204667697739684,11.622373219055463,-12.005177337815672
0.019258896448189032,0.00011909817418757635,0.49037125700610523,11.646317255725801,-12.00518690178454
-0.01,0.00011810897341047411,0.5211944284521111,11.676756493476224,-12.005114593807214
-0.01,0.00012596489332935353,0.5256915189069696,11.692510547827066,-12.005180459187276
-0.01,8.1924594070103586e-05,0.5351354865563528,11.735426438753045,-12.005146461281932
-0.01,8.1428422266841089e-05,0.5308860874002818,11.746082243339531,-12.005115693699613
-0.01,9.8839296323987246e-05,0.5141277511576064,11.787868892788238,-12.00513788817922
-0.01,8.94698779188642e-05,0.5077119412523161,11.803190299836416,-12.005154832045177
0.0014051650755619858,8.4389847950039931e-05,0.49929742922113507,11.8233233892174,-12.005127399925502
0.013653405835568897,0.00010189713089183621,0.49317342403365383,11.857902849286488,-12.005090233557894
0.006181126452774329,0.00010917814820600434,0.49690951104607534,11.872725563977468,-12.00515979910949
-0.01,7.0308913749615392e-05,0.5102028315821109,11.903006133299085,-12.00507834467535
-0.01,6.898558515874148e-05,0.5108925175390593,11.938710925900786,-12.005134432552056
0.0035328574261635254,6.1374571234804805e-05,0.49823368145273644,11.95374814257802,-12.005054303567437
0.006164638069205155,9.0130904145846577e-05,0.4969177863438913,11.9884187973477,-12.005128499769516
-0.0006100782857696595,6.8828496376002014e-05,0.5003050182862077,12.003369519619374,-12.005098059489368
-0.006004830270548037,9.4110573713036773e-05,0.5030023537181834,12.033525219943954,-12.005120891313702
-0.0016350247897816762,7.3219949915376059e-05,0.5008174912281973,12.04859130710706,-12.005079594012669
0.009208426279401796,0.00010083396011734644,0.4953958889469213,12.078429853455102,-12.005113690659904
-0.00453344165712836,5.5061402967021486e-05,0.5022666611668437,12.108263776623144,-12.005033639356544
-0.006748782893110527,6.7374279856268878e-05,0.5033743084223803,12.12337821089617,-12.005102780018836
0.012713028780321522,5.8282521409273073e-05,0.4936435992711415,12.163285026791048,-12.005083068744895
-0.003122555997453547,5.2865918334183738e-05,0.5015612469547214,12.183141010030644,-12.005051549326598
-0.00896251283396328,6.2225472104787251e-05,0.5044811942361038,12.198266431113453,-12.005006711229525
0.012900256911780395,8.296158204487754e-05,0.4935502747380518,12.238271751378855,-12.00505015272552
-0.0033656437988566386,8.332895894914386e-05,0.501682791568045,12.258129875732433,-12.005071671353312
-0.007279057322133293,6.3203283191575195e-05,0.5036394110005128,12.273243754866284,-12.005027556316945
0.007997108841787113,4.9925441167635749e-05,0.49600149877419397,12.308270391831845,-12.005008619734225
0.0033733884690475583,5.7849169450000961e-05,0.4983133511255629,12.32809770373897,-12.005034038517442
0.0219521230282724,8.741371438072001e-05,0.489024241514169,12.35268495399024,-12.004946364580626
0.004603784447345926,0.00012006298079426417,0.4976982707625063,12.382027336989882,-12.004735145134152
-0.01,0.00012209079949593326,0.5080212546173006,12.397137654804592,-12.004682833690456
-0.01,0.00013255860824710604,0.5108858172949234,12.427800200609255,-12.004581988088782
-0.0015898863795991017,0.00015066718834389864,0.5007949140791765,12.45823442800836,-12.004763141920495
0.025607553392942878,0.00010889437171628246,0.4871980509743594,12.487461151861664,-12.004832916704066
0.01896290879783393,8.0911904734876154e-05,0.49051885347866087,12.506757839800674,-12.004796562235024
-0.0009467632292290265,5.6007605192209342e-05,0.5004733694257274,12.537018887447662,-12.00482043900746
-0.01,6.6969772573932226e-05,0.5227061214132487,12.563096885024052,-12.004834424475435
-0.01,8.2677436881728827e-05,0.5266383344772162,12.573580180979354,-12.004791327695836
0.027798894780720253,7.3271157407094707e-05,0.48610079319363525,12.614173992613617,-12.004677158514102
0.017458641792568317,5.7998588716174059e-05,0.49127098753144255,12.6239192191614,-12.0046778661424
-0.01,7.847298551667161e-05,0.5189482260445473,12.6542964637154,-12.004717243999906
-0.01,6.4350698468600874e-05,0.5309963346099674,12.670049956823437,-12.004675095649564
-0.01,4.6291425477086317e-05,0.544116186161729,12.713209986444607,-12.004652880714294
-0.01,4.7224370809491498e-05,0.5335921689243365,12.734719115796835,-12.004679847738089
-0.01,6.5328570214002787e-05,0.5187834268471614,12.7715420806813,-12.004662646421377
-0.01,6.1552454971941519e-05,0.505159757555662,12.786955397629383,-12.00469043148643
0.027637433165102563,7.4316546459869689e-05,0.48618154039449407,12.806838630676852,-12.004569301683754
0.039095478877818876,0.0001078303332475022,0.4804525066347299,12.830788890496294,-12.004498281667406
-0.01,0.00013809009301432563,0.5337945505107518,12.866114953465116,-12.004381779195485
-0.01,0.00012972441104736171,0.5432256793077871,12.893272277262588,-12.004302145378528
-0.01,0.00013933376373654826,0.5299510938740423,12.90931163907223,-12.004444278485554
-0.01,0.00012904048846528428,0.5187590263423246,12.940800339186406,-12.004348011574088
-0.01,0.00012706444057884441,0.5102996287828268,12.971538718067373,-12.004460380279959
0.004633431208343978,0.00014048543680428099,0.497683322175818,12.991609426414916,-12.004461353054229
0.01141769944214434,0.00014987682399757475,0.4942914107807838,13.016313168992655,-12.004480601986973
-0.01,0.00014508016487512984,0.5053622706544487,13.046252040488683,-12.004420513415061
-0.0026029892673983873,0.0001351029964610964,0.5013014205381581,13.0765366445609,-12.004446472434317
0.006192090074347587,0.00014940264475345901,0.49690401829520037,13.09146979056526,-12.004425547492625
-0.0009489240582709426,0.00010561436978515808,0.5004744483193194,13.121314532286531,-12.004457566574493
-0.0034445165669467342,0.00010545948724002631,0.5017222272412839,13.141386963107223,-12.00443157516631
0.0016351174856301912,0.00011107538666084772,0.49918246242507847,13.166426301549087,-12.004456574614375
0.015701369035754385,0.00013866200692061613,0.4921494468767068,13.196278286934424,-12.004511621417697
0.020809302400749626,9.657583214522869e-05,0.489595467870046,13.210986736156404,-12.00441794304942
0.0014612346956299849,6.5341080073236815e-05,0.49926938965466644,13.240404774719593,-12.004565672930429
-0.01,4.3884075112612495e-05,0.5162658098496152,13.2608124221111,-12.004560876369903
-0.01,5.8498818827873982e-05,0.5202898174415164,13.302280354790746,-12.00451468779863
-0.0010668543385138343,2.7651183972476942e-05,0.5005334022179145,13.317568697402407,-12.004463717580313
0.0007982339967613088,2.6003514732180586e-05,0.49960089065208807,13.337590819456114,-12.004512245195981
0.0012015903797882974,2.9713370542507713e-05,0.49939921598267545,13.37750892825944,-12.004354908561135
-0.0007086188710858635,3.9260472460198548e-05,0.5003543045192271,13.397500959319936,-12.004345027011485
-0.0011013383259624383,5.0322683980314265e-05,0.5005506480523972,13.412516980505137,-12.00439097061829
0.0015967659726417078,3.9889910593689804e-05,0.4992016323174725,13.452497351387583,-12.004398405300647
0.00040134705935656906,4.1508909170377726e-05,0.4997993303169295,13.46747447371395,-12.004352310105546
-0.0018142625852170116,5.5036036301943933e-05,0.5009070914561431,13.497502270977314,-12.004395569277225
-0.0002505582433378262,2.2171692141324365e-05,0.5001252771682753,13.517528209846269,-12.004382325841316
0.0021156063339328782,3.0411820683439125e-05,0.49894305804977157,13.542490187302564,-12.004392443237398
0.0024250956963279393,2.0272947582009493e-05,0.4987875234382092,13.55745370268427,-12.00434196333307
0.019089376601779666,2.0702188744294637e-05,0.4904554946563373,13.602428934267312,-12.004334414902354
0.00909034055968181,4.1934161057741656e-05,0.4954550910822423,13.61721669543956,-12.004340493944028
-0.005059851485604223,4.2714713529985989e-05,0.5025298815907014,13.652397075259415,-12.004370611525852
-0.01,3.5451429788791534e-05,0.5111994244796221,13.672786767094655,-12.004350239426893
-0.01,3.3695468146239319e-05,0.5166463069477221,13.693350765457161,-12.004320660264796
-0.01,3.7096034775537659e-05,0.5264795835968521,13.729352173580246,-12.004365877083039
-0.01,4.3061897272216793e-05,0.5074656943591295,13.744667816176264,-12.00432230117433
-0.002526654230611362,2.5250564384062858e-05,0.5012632877194885,13.77967663018101,-12.004334553878481
0.021112680079537413,2.7163874290382005e-05,0.4894438441887959,13.799299140407731,-12.004338374036475
-0.007343200034395286,2.7856477542367631e-05,0.5036714765930969,13.82398965031047,-12.004328379352401
-0.01,3.0790365031237023e-05,0.5074218240844153,13.839220729200353,-12.00434242274008
0.014992930352489095,3.1157435817667403e-05,0.49250363777062445,13.879254351206237,-12.004330119407557
-0.00617763309192675,3.1731691716702822e-05,0.5030887498267331,13.899129498157647,-12.004319336837234
-0.008957352722627224,5.3390328114712584e-06,0.5044785796207546,13.919360595756649,-12.004309073201162
0.0031356699706165904,8.4455098564509155e-06,0.49843218564823477,13.939424464455183,-12.004302639169763
0.01377291583020324,9.4667395360745302e-06,0.4931137735793073,13.964138163044407,-12.004299404349943
-0.01,2.050102031495196e-05,0.5062578788469961,13.998979171127537,-12.004307530097615
-0.00527217325257835,2.1825593035033819e-05,0.50263603949023,14.024321089977267,-12.00429254123515
0.004159289211040264,2.2917091431970045e-05,0.4979203991254057,14.039314624503497,-12.004306802602986
0.007511724910338498,2.6530851226303032e-05,0.4962442004055894,14.069047610839403,-12.004282111204256
-0.007931879933117418,-1.8856816192735017e-07,0.5039657828217488,14.104068209612576,-12.004290798318193
-0.0001948605628999585,-9.1018243254887131e-07,0.5000974232713851,14.124198132291633,-12.00427728917354
0.004852130507377045,1.0168880883503337e-05,0.4975740163006532,14.154070962218425,-12.00428133732999
-0.0026954957849684197,1.0631930029604977e-05,0.5013477365175641,14.174042219624313,-12.004281046430592
-0.0007501136365632768,1.5148985486833932e-05,0.5003750513994768,14.199116969355877,-12.004271950803814
0.0013283519144948275,8.3801068403701685e-06,0.4993358499797789,14.21410540450275,-12.004259683786216
0.0005122524577513484,1.0516117432408501e-05,0.49974388021945254,14.254038985368913,-12.00422935984225
-0.0007693712930421832,2.2097528408757324e-05,0.5003846789880398,14.269043409409218,-12.00424341786274
-2.1972497974400355e-05,-8.5378502687185987e-06,0.5000109858655313,14.304060214786954,-12.004243715028373
0.0005118180304589827,-7.7623470490968998e-06,0.49974409944095716,14.319050730890943,-12.004211266244539
0.033570409537260294,6.4903797549047893e-06,0.48321510737412937,14.348562665387368,-12.004116646613237
0.022455275618585038,2.5434951898106316e-05,0.488772570983266,14.363003779503478,-12.004056075631706
-0.01,5.0028956964791694e-05,0.5176017328626191,14.398356330351977,-12.003928271570814
-0.01,7.6172695719477391e-05,0.5185881391960494,14.424386678787037,-12.003874171496673
-0.01,7.6725973895435578e-05,0.5119839211123398,14.450159777208873,-12.003877720072438
0.006419688561959461,5.1917762519152547e-05,0.4967902154102582,14.465304050968872,-12.003754899739214
0.004840813203578528,4.1031146704207546e-05,0.49757965295035944,14.495419377543309,-12.004047971850136
-0.0035258534063082477,1.7940274707523447e-05,0.5017628843364728,14.51042805742954,-12.003991807909316
-0.01,2.5717240927283987e-05,0.5072806428601874,14.550902954386615,-12.004000273301774
-0.004002832632604595,2.9636571143699994e-05,0.5020013539037803,14.571119240375994,-12.00394944061645
0.05614630808786277,1.7855374116397039e-05,0.4719273519499576,14.60017411480956,-12.003982118975822
0.03053697010338959,1.440199936553636e-05,0.4847318360151767,14.614410907978053,-12.003923093261555
-0.01,3.2569966527892436e-05,0.5404401363522701,14.645350535702567,-12.003965183636536
-0.01,-1.9924539301530382e-05,0.5524342004042252,14.683931013264075,-12.004006846213022
-0.01,-6.0527022585054288e-05,0.5406981182420083,14.700406460081268,-12.004132645922706
-0.01,-0.00011223415165153476,0.5286813303436967,14.732157710148215,-12.00419378101807
-0.01,-9.4138521655757747e-05,0.524318345750749,14.747971256959447,-12.004240819793404
-0.01,-0.00010658480960332563,0.5089403658063033,14.78945503730533,-12.003963902248035
-0.0013224979335956725,-0.00012379394244015331,0.5006612298596804,14.809644150884498,-12.004069598348353
0.005897065034257563,-0.00013068339645238224,0.4970515750356427,14.824585871048262,-12.004037374540287
-0.00018018329272205294,-0.00012267493838680947,0.5000900893266323,14.85938720589663,-12.00403042342713
-0.004134140435603481,-0.00011779865608943454,0.5020670166980727,14.884472586927561,-12.004013047990695
-0.0014027507844741383,-0.00012056578632650817,0.5007013526174867,14.89952014339425,-12.003994999321288
0.006808040548312829,-0.00013292925534976431,0.49659605325355527,14.934382115783036,-12.003981422284138
0.023291101421021452,-0.00013343171216591518,0.4883546242073481,14.959058105083992,-12.003952187718752
0.021730059732543466,-0.00013331608417334396,0.48913541307834163,14.98850574180386,-12.003946215207765
-0.01,-0.00013189350009631118,0.512727120202368,15.003702727846397,-12.003919627005597
-0.01,-0.0001302877417211329,0.522753836197394,15.034983104772722,-12.003917537173475
-0.01,-0.00012296039455659649,0.5523955239689543,15.06158067702391,-12.003911071923119
-0.01,-9.118079921344593e-05,0.5267140898055621,15.088305083701709,-12.003891392570308
-0.01,-0.00013027307610838005,0.5205695309608362,15.104011434588276,-12.00390654536894
-0.01,-0.00014741982884959801,0.5057605946593015,15.139922042740293,-12.003870139543137
0.00959885464641193,-0.00013730607448095321,0.4952007690259464,15.164936915259187,-12.003882396527615
0.00973053164148995,-0.00014692262215348489,0.49513482743903636,15.179742579354684,-12.003796989412141
-0.01,-0.00012858680209712538,0.5114179782344578,15.21999630763596,-12.003786632762708
-0.01,-0.00012078330293699729,0.5070568509868907,15.235293764811889,-12.003853482711786
0.0111109416744941,-0.00012289722592087523,0.49444465551979894,15.265328756533794,-12.003768303130187
0.009439673513984186,-0.00011985053439646222,0.4952802766701967,15.280122682496284,-12.003822480067152
-0.01,-0.00015326619614086613,0.5104022689954963,15.315341588292075,-12.0037138167534
-0.01,-0.00015378775807625296,0.5055473643981856,15.340835227167702,-12.003719817350188
-0.0026075725307696733,-0.00012536242053026841,0.5013037448618968,15.35090008181844,-12.003772861357712
0.02015169264709007,-0.00013784776791157436,0.48992429204524707,15.390414809763458,-12.003741090056659
-0.003434022047563607,-0.00014429093456212768,0.5017168420535785,15.410170642939512,-12.0037057418285
-0.01,-0.00011888419239269999,0.5096602831061774,15.440722798008691,-12.00372164749687
-0.006782485093021634,-0.00012148440415195695,0.5033911610481183,15.461004520395377,-12.003720389124378
0.010856830656044985,-0.00011401209492640667,0.4945717446347182,15.4859252411604,-12.003696799936984
0.004125120914166115,-0.00014481959758241508,0.49793750887772154,15.51553004734216,-12.003605250941067
-0.007871339095213693,-0.00013546526628217226,0.5039355704617416,15.535593089105364,-12.003614716553594
-0.01,-0.00012809613162686304,0.5053229090617712,15.555806988065104,-12.003632491356194
0.007095761902343289,-0.00013263518710081624,0.4964521956839676,15.59564693722923,-12.003646575544806
0.016416445039470772,-0.00015031220080641112,0.49179187611151404,15.610341860621416,-12.003565667478897
-0.01,-0.00012721785324916495,0.5074000283787833,15.640230050947652,-12.00361543861425
-0.01,-0.00013367047434917619,0.5061233824829456,15.660592571566697,-12.00359065353171
0.013036274950142826,-0.00011667564037470608,0.49348204993737593,15.690569909660018,-12.003558464085037
0.002897777707245694,-0.00013763464984518399,0.4985511397484119,15.71522800872371,-12.00351096915895
-0.005426460379100583,-0.0001520884088180206,0.5027131587753827,15.74540169708994,-12.00348742870832
0.00017433046017752932,-0.00014860447765164189,0.4999128367150453,15.770531844216855,-12.003501597409993
0.0012014887819303422,-0.00012644913709865179,0.4993992699602001,15.780518254318764,-12.003511193235356
-0.0002498637172048645,-0.000146246469109982,0.5001249290170754,15.810488901493011,-12.003436496771817
-0.0011104346229301983,-0.00011956567814825263,0.5005551543350016,15.845524309422581,-12.003500743200908
0.0006670504072878225,-0.00012238032576757877,0.4996664925916704,15.865526439081128,-12.003500392539747
-0.0002472876748863054,-0.00012218964367747228,0.5001236422102244,15.89550461870444,-12.00342570445467
5.8101207188421074e-05,-0.00013068555521280966,0.4999709500571506,15.91550332695053,-12.003444142722444
0.00017845240976487902,-0.00014414126416750127,0.49991077582453325,15.930497624249584,-12.003449331019395
-9.55006415922863e-05,-0.0001421708465169665,0.5000477483194737,15.965487533772027,-12.003358105942173
-0.00013495761574829169,-0.00013140123598832205,0.5000674781225237,15.98548657841975,-12.003369484680855
0.00018505420689754695,-0.00013643502585887674,0.4999074745642708,16.010480752365407,-12.003343568207342
0.00018314451123078098,-0.0001432334364250329,0.4999084300498414,16.035469558782232,-12.003321393567056
-0.00012506901046858282,-0.00013395928794281148,0.50006253363752,16.05546541019489,-12.003316396558686
-0.0002636614746152005,-0.00014094572307841714,0.500131828681759,16.095467510871963,-12.0033502367325
0.00016803815181462494,-0.00014622833160725282,0.4999159837965415,16.110464309146234,-12.003351271510295
0.0003560291364320187,-0.00015078372866557835,0.49982198800373084,16.130452891760324,-12.003313944547305
-0.0003741565901883538,-0.00013024464271401296,0.5001870741471126,16.165442761821108,-12.003288012637892
0.0001326786596176948,-0.00014883278800561299,0.49993366230241676,16.195445122046426,-12.003255692158154
4.513220866045758e-05,-0.00012715153285937136,0.49997743469298406,16.21043986829505,-12.003262292913954
-0.00011188564989568928,-0.0001462895196983703,0.5000559419846785,16.2404348298021,-12.003234578839328
6.646151048870243e-05,-0.00013841764746386282,0.49996676980092897,16.260431946066124,-12.003214162441637
0.00010724902337358818,-0.00014083024831442481,0.49994637950764104,16.28542408601557,-12.003212867041357
-4.441214228227499e-05,-0.00013327960773936392,0.5000222057121907,16.315417486603597,-12.00327327822231
-0.00010900651815279883,-0.00015133780670321449,0.5000544915586613,16.330416281004744,-12.00319190210285
0.021055467692916018,-0.00011548338103500381,0.48947245440072673,16.3652826998324,-12.003222267322851
0.025217261496109512,-9.483597980379693e-05,0.48739158749333833,16.389673497886214,-12.003020706381715
-0.0021249872470387662,-5.4205645775188492e-05,0.501062478272657,16.404474995985346,-12.003011202399644
-0.01,-4.2931871468125635e-05,0.5290142841896828,16.440945238470125,-12.00293851147757
-0.01,-4.1626773807978635e-05,0.5250245815712982,16.462053975949395,-12.00291624925708
-0.01,-1.2695513780772502e-05,0.5114815822716798,16.487924140554934,-12.003113326541227
0.006089603253412167,-5.5554645630602892e-05,0.49695528766096064,16.523211489367164,-12.00298227756607
-0.004959943632888376,-5.9080177829513806e-05,0.5024799242791383,16.548177958104468,-12.002995281054238
-0.002269602711558122,-5.8477427621392983e-05,0.5011347815512991,16.563248853354366,-12.003049613333307
0.0048028356985056085,-6.4135669300254144e-05,0.4975987477186602,16.583208775892665,-12.003047272158256
0.00017134486831365763,-7.2682356024422732e-05,0.49991432977178357,16.622985084810935,-12.003003046917929
-0.0004392879232591803,-4.9426221752673736e-05,0.5002196395000347,16.63298709789821,-12.003047588489544
0.02390050648354309,-7.2666154840177218e-05,0.48804998437364766,16.662787630208832,-12.00295432572594
0.018863136146655832,-5.5826937239279374e-05,0.4905686923144337,16.6918436452385,-12.003149084515913
-0.01,-6.8514952411580715e-05,0.5128956421764094,16.71193857011511,-12.003123176233077
-0.01,-4.6642427992044296e-05,0.5223398905918482,16.73801412101249,-12.003067976361574
-0.01,-2.8639592353835553e-05,0.5061511735842424,16.76901974514538,-12.003031814601659
0.005359289239435471,-2.890944937214287e-05,0.49732040521176646,16.79408544613191,-12.003037037719258
0.008974335944479363,-6.2165909739847038e-05,0.4955132492204111,16.808941124486704,-12.00298642683508
-0.008129612010007828,-6.2055064798394259e-05,0.5040646984349455,16.838894610900088,-12.002900089797993
-0.01,-5.7149809821579564e-05,0.5058641482170817,16.859158773742394,-12.002859617160423
0.006807284153093584,-4.7678449691685731e-05,0.49659646601068946,16.884226786780445,-12.002867039625578
0.015196120712698585,-4.2229407217328737e-05,0.4924020809394859,16.91373941668948,-12.002870979241921
-0.0015197454561952696,-4.1927464906013088e-05,0.5007598621842794,16.933568163136886,-12.002880216635603
0.01970429422830236,-3.4696542029364319e-05,0.49014808260632714,16.958292844098736,-12.002864413607972
0.01335909940060469,-5.3247381682294413e-05,0.4933207990452843,16.98759059390778,-12.002798076713969
-0.01,-5.5070165799914359e-05,0.5179132997864299,17.012887534574183,-12.00280343707688
-0.01,-2.5274066192017114e-05,0.5415086452920689,17.05014932275291,-12.00285801427429
-0.01,-2.5975581162814719e-05,0.5274018292470102,17.076446354556357,-12.002831255192556
-0.01,-3.4199481467011946e-06,0.5208385816638559,17.0921669517659,-12.002890387487218
-0.01,-3.2875039402913501e-05,0.5145400959990211,17.128109053703962,-12.002805392298027
0.004592693039591965,-3.1121879949446576e-05,0.49770370012554715,17.153149531833463,-12.002797919143022
0.006613534914701053,-1.1734812062870122e-05,0.4966935281642683,17.168013351725474,-12.002847604303875
-0.0023475246724400964,-9.6704915746694001e-06,0.5011737420196978,17.187965263458658,-12.002865934626325
-0.008160948327516116,-2.9032926542421213e-05,0.5040803807712538,17.223267730771777,-12.002809284136847
-0.0012656844940104792,-1.0348760123657883e-05,0.5006328274911533,17.23835137855527,-12.0028160039891
0.012909095194814889,1.3546954666406777e-06,0.493545525344873,17.278004492210798,-12.002866486410278
-0.007086681757469328,-9.4262612020510021e-07,0.5035432790405785,17.297935766514588,-12.002878843031379
-0.01,-3.8589594182325344e-05,0.5061755357191627,17.323222427601404,-12.002868268129006
0.012842067987269322,-1.0932080657935547e-05,0.4935791588931898,17.3481543558912,-12.002836724463313
0.007472031406999037,-6.0122926532523256e-06,0.49626406285772445,17.367858980860582,-12.002866243563261
-0.01,-6.7362720039507991e-06,0.5070457322456107,17.39298083155843,-12.002842903501167
-0.01,-2.4187430811305775e-05,0.5109270529284371,17.428529897484196,-12.002840922704188
0.016098262273903773,-1.2471324278372817e-05,0.49195126954333246,17.453389208239393,-12.002871058910875
0.0065849305710230545,-2.4477584173333892e-05,0.49670760818743503,17.46816790915945,-12.002787733529997
-0.01,-4.4759650025720936e-05,0.505725289576367,17.503560558806182,-12.00286765898031
-0.005378771629665095,-1.1131028311203788e-05,0.502689345419868,17.528949570953163,-12.002842123732945
0.0025409242563964275,-2.1847251977157634e-05,0.49872956894876375,17.543963200295508,-12.002864234744637
0.007726939996059934,-3.0885003400386092e-05,0.49613661787510815,17.578766214853836,-12.002786002835911
-0.00876788479798565,-1.1508851558779675e-05,0.5043838263833849,17.598814452686945,-12.002804270643612
-0.0025977414561347365,-1.551229346163102e-05,0.5012987882359099,17.624055330017264,-12.002791978912244
0.006520575048173328,-2.1300121745473372e-05,0.4967398062171801,17.648974245862682,-12.002788646921962
0.0027588430069723406,2.3266864931400439e-06,0.49862059822901444,17.66388531361342,-12.00284147847671
-0.009293695420294108,-1.8369175998016406e-05,0.5046467586371103,17.69402163849964,-12.002787059013519
0.0005928453109065367,-2.0908561532916029e-05,0.49970358302652035,17.724265343163392,-12.00287047010133
0.007403823536457448,-2.7820190820023473e-05,0.4962981703121739,17.744143850602246,-12.002844202536943
-0.0007001528269731656,-1.8275216948010369e-05,0.5003500673995288,17.76901745813258,-12.002859267441776
-0.007085107839782705,-2.3201428099684837e-06,0.5035425154060634,17.799209442517327,-12.002840941826118
-0.0017695046308115912,-1.3257441999200905e-05,0.5008847295343223,17.814290425315168,-12.002864620908381
0.010225267896012082,2.2737822793123442e-06,0.49488749184422115,17.84411298762341,-12.00283925203649
0.009498390400904246,-1.6343943397933374e-05,0.4952509759965878,17.878934939830604,-12.00283422603886
-0.01,-2.3256992645766294e-05,0.5139232457489412,17.90438617973799,-12.002862816057426
-0.01,-3.0115303017828693e-05,0.5103877398518883,17.919783077177502,-12.002790090165087
-0.003938592864657758,-2.1460000260796238e-05,0.5019692538950205,17.94002886201134,-12.002790480182176
0.012783894975445359,-2.7232951378444391e-05,0.4936081823509499,17.964881460574574,-12.002787050536144
-0.0003708389172186405,2.1203948372495624e-06,0.5001854160104928,17.99945325116341,-12.002869558794808
-0.007329037448843546,-3.9958315311081594e-06,0.5036644594892415,18.01958253629834,-12.00287190250726
-0.0019685642155380916,-9.9245536404365068e-06,0.5009842661973228,18.03970464499592,-12.002861881310773
0.009854517258933333,1.5242361398396473e-06,0.4950728090352042,18.064575373729426,-12.002877576832272
-0.0023117102861860738,-1.4647621607979744e-05,0.5011558329870995,18.099296021057864,-12.002789757560548
-0.004983755728943236,-2.3175660157460263e-05,0.502491831524755,18.119415122575887,-12.002789196291737
0.0025376771446835376,-2.8778984086864916e-05,0.49873118357134705,18.14446363901859,-12.00278920346824
0.004432555929701913,-2.6180985898540683e-05,0.49778377402867063,18.16932897168521,-12.002808304036503
-0.0010845290731990448,-2.2164932651526402e-05,0.5005422540646406,18.189290125360916,-12.00279135138999
-0.006193827870618472,5.2634174365367762e-06,0.5030968470411733,18.224491639478124,-12.002871270073431
0.0033276615940839157,6.9305579718599844e-06,0.4983361960979815,18.24955520408329,-12.00284202431383
0.00488160033316538,-7.1693279890515546e-06,0.4975592291624431,18.26447147017541,-12.00286100548303
-0.007243998815632103,-3.4321048757965448e-06,0.5036219279071259,18.29949744498697,-12.002797695618009
-0.003150482853950271,-1.0713103989296517e-05,0.501575207401356,18.31964973024225,-12.002818014689701
0.015549060595886406,-1.3741849607772091e-05,0.4922257266014835,18.344540562101592,-12.002804148800825
0.0345589625180194,2.5790553601053846e-05,0.48272091175614096,18.373542017046436,-12.002741239633375
-0.01,4.6415190863306078e-05,0.505183658097094,18.393239620285424,-12.002582546662216
-0.01,5.4325700486122069e-05,0.5180342433272054,18.419085268733593,-12.002463487122531
-0.01,6.7886060263871211e-05,0.5138618641854219,18.454977449156903,-12.002398546464446
0.0004554680222572935,8.9607293553259254e-05,0.49977227129889823,18.48027126866311,-12.002497356485414
0.005972944940222553,4.4814183157697798e-05,0.4970135830672367,18.49517681212957,-12.002469821714966
0.004282032005279156,5.2439448827525361e-05,0.4978590198309118,18.53010483835752,-12.00254395653656
-0.01,5.0195001197186498e-05,0.5065754698698479,18.555366099825235,-12.002547741012343
-0.005705605817653554,4.7511793407218437e-05,0.5028527600593138,18.57053621928778,-12.00253714968252
0.013100899705595711,6.2884895928757984e-05,0.4934497665984535,18.600376745424402,-12.002563363951344
0.004178227956629254,6.3079970534496137e-05,0.4979109726846342,18.620129262067604,-12.002576560275553
-0.01,6.9096004312156539e-05,0.5069496662632084,18.64531324438712,-12.002579005131993
-0.002878601886949963,6.1122157948660677e-05,0.5014392776778684,18.675689809817204,-12.002543405276247
0.008542115845537837,4.0822232150688291e-05,0.4957290117277852,18.70057209919254,-12.002554991295753
0.003924434686841624,5.6556134971829942e-05,0.4980378354262792,18.730473638451592,-12.002617844185387
-0.01,4.4948949546052305e-05,0.506456040726734,18.745627972284414,-12.002569490157834
-0.002746823692184277,5.9431732224400966e-05,0.5013733780544034,18.77598724428988,-12.00263699094181
0.005250368218528459,4.9040905634306471e-05,0.4973748519416582,18.790948660021275,-12.00258574645922
0.014721841047294558,4.1354693881540005e-05,0.4926392342623525,18.83064251170938,-12.002567368050856
0.013105087058354305,6.8525196290471424e-05,0.49344758207316386,18.845371162265046,-12.002756521885365
-0.009829672464211967,5.0639185865347385e-05,0.5049147005427704,18.88018188680769,-12.00297562948982
0.00015791920960923057,2.6027490742117885e-05,0.4999210419087315,18.905355553001844,-12.003053368082131
-0.00021762343977528985,3.8541825412405955e-05,0.5001088095718715,18.920344531180863,-12.003088198174561
-0.0061366353965186275,-4.3645134258862753e-06,0.5030682606388927,18.95557975494913,-12.002986340759916
0.002699632752014277,-1.1029506017609279e-05,0.4986502193452121,18.975620515724476,-12.003123364666978
0.005636109297816683,1.0685023430610952e-05,0.49718201468704926,19.005478100358225,-12.003015885023661
-0.004224237894016305,2.5502410747576289e-05,0.5021120796694035,19.020492550748653,-12.003085461090693
-0.004098610065767695,2.7081297388942018e-05,0.5020491306202444,19.050710658392806,-12.003031306369133
0.0028977709554779125,3.5461286899087215e-05,0.4985511528652214,19.070720973178727,-12.003058675871028
0.0048435649518006165,0.028933721294644478,0.4975782829992555,19.100540013058723,-12.00301536038823
-0.0034034538491817513,0.02931211255836353,0.5017016891931592,19.125514054992358,-12.003172605258674
-0.000533750414498376,0.029588619824274503,0.5002668695953769,19.15059511335638,-12.00394035962056
0.0025495956663611403,0.029785418034375372,0.49872523736157726,19.17055367398014,-12.004445667268493
0.0018161824097451577,0.029969504532339368,0.49909192685135334,19.205474110184575,-12.005472002546291
-0.004822504078620767,0.030268498378263498,0.502411208578615,19.22552112392171,-12.00607749424103
-0.002788834264297853,0.030403735267087527,0.5013943207933604,19.24057902774774,-12.006547945291695
0.007132320919129973,0.030649651437321294,0.49643399359706997,19.270460931118446,-12.00753080863247
0.004426081323047138,0.061955242943049209,0.49778700840697937,19.300199402139647,-12.008576636584984
0.023229310520922503,0.062338366552714609,0.4883855956190737,19.31495160490455,-12.008988833300835
0.01777932044313149,0.062887470415574229,0.4911105902915653,19.34402592146859,-12.010279361925617
-0.01,0.063255466656990361,0.5060313566828442,19.363946897469614,-12.011440832463343
-0.01,0.06371948198483203,0.5205579971721039,19.400090780674205,-12.013562349655635
-0.01,0.064329899123414178,0.5237681104684918,19.421335299031565,-12.014884684807182
-0.01,0.064744746143783644,0.5131737280788067,19.44719859636793,-12.016618683150758
-0.0029550969469693406,0.065249258812857716,0.5014775228987618,19.477536594545917,-12.018804014084692
0.00761661204677038,0.065588468291504096,0.49619177133416503,19.497369912863164,-12.020230508708755
0.0031783139283588857,0.098919760276474922,0.4984108878187118,19.522048661802465,-12.022018749707255
-0.00585551580460684,0.099935277917777648,0.5029277072260662,19.552010009960746,-12.024208100094047
0.005600595254236017,0.10064082251074041,0.49719974403318423,19.57688419579478,-12.026518324039024
0.012823582461050191,0.10088733163464506,0.4935883555203709,19.586725442664026,-12.027525890516513
-0.01,0.10209457488287001,0.5144749009647894,19.63168310591918,-12.032321648739856
-0.01,0.10237293195788734,0.5142497460039408,19.657108995630168,-12.034964255868433
0.000892196299729039,0.10336698126993256,0.49955391416606193,19.67707628706868,-12.037102100640025
0.007051404986717745,0.13727392933805141,0.49647451739205006,19.706607560441984,-12.04023419236708
0.012065235024999382,0.13810654975368786,0.4939677293826402,19.726296961326828,-12.042529783782655
-0.004553338144644614,0.13860408268216226,0.5022766433438833,19.741065769054906,-12.044735001832125
-0.01,0.13962485519320439,0.5068018393183003,19.77097307500686,-12.049307982072506
0.002541643228788408,0.14068604795161824,0.49872920583567887,19.800748958645077,-12.05351603954822
0.010448288269790097,0.14122904626659302,0.49477594404735437,19.815403790219868,-12.055607213117202
-0.01,0.14269762238669809,0.5065604261684572,19.85470441734153,-12.061047884183113
-0.0007126734455100089,0.14345030457245109,0.5003563140406011,19.87454130703048,-12.063762887395887
0.006147533206511419,0.1441842495320009,0.4969263143004893,19.89410053478052,-12.066490354603737
0.0005638749979683263,0.17741372738851829,0.49971807891497366,19.91852411371881,-12.069934232071626
-0.003937229419229365,0.17819783754642593,0.5019685840143207,19.94314595808638,-12.073376310530774
0.029231199234296294,0.18030745817604463,0.48538545405914535,19.977218247783096,-12.078580779301822
0.007538615862243332,0.18097750667840071,0.4962307422141669,19.991821658769382,-12.080939684167884
-0.01,0.18238368429719548,0.513002805940843,20.02220112509737,-12.085677840012501
-0.01,0.18329759300208281,0.5080584129116037,20.042599715277078,-12.088948851047808
0.009826389730519018,0.1846402068529058,0.4950869232087143,20.072560028727047,-12.093996000716869
0.0014732594611538013,0.18575664999265773,0.4992633781725179,20.09724466835255,-12.09815167742107
-0.004738971575636897,0.21656152959579206,0.5023693634304216,20.127270888073046,-12.103071509045307
0.008044804986355502,0.21766034729987435,0.4959777160376435,20.142206514179637,-12.105606036863621
0.010954749864601095,0.21884370178485901,0.4945227794216691,20.16661276435193,-12.110528840089458
-0.01,0.21997729091048196,0.5106275978464726,20.19124189446476,-12.115517003637052
0.005090653421941382,0.22142445755671056,0.49745471734580743,20.221078228483297,-12.121436990528442
0.00018434020545361014,0.22230989736123008,0.4999078312289429,20.24069293290639,-12.12526699096884
0.05359087512628727,0.22381855070174597,0.47320555901049394,20.269571912144208,-12.130748934652877
-0.01,0.22509875646302183,0.5121068112257583,20.293915387242958,-12.135022609090568
-0.01,0.2518189588908426,0.5190012423966344,20.319931540124053,-12.1391668211093
-0.01,0.25297203033135024,0.5073231567851594,20.340470941492132,-12.142422993219263
-0.01,0.2543585600633782,0.5128260008756389,20.365834888433653,-12.147174094192088
0.011835715627851254,0.25562185131532489,0.49408231911106204,20.390381895943893,-12.15182900158881
0.035502700808234526,0.25706613811283419,0.4822488959095162,20.418896607626497,-12.157335543662326
-0.003064327115741992,0.25810564247151435,0.5015321350652927,20.438100079013488,-12.160748786362126
-0.01,0.25921577787443156,0.5149586807184805,20.458140811686448,-12.164181284060668
-0.01,0.26114726409941558,0.5071674367757051,20.4932353153889,-12.170527856767338
-0.005921095129792612,0.28173301168002751,0.5029604518547924,20.512953608643574,-12.174280026091012
0.015554695392224384,0.28303226961012112,0.49222289928403407,20.53714398059582,-12.178565896291786
0.014492136344741415,0.28424757612411755,0.4927540800524436,20.561011198387334,-12.183249317204876
-0.004960176679771145,0.28524515690856361,0.5024800287383648,20.58048378198549,-12.18689218665369
-0.009319476789286742,0.28703028929146096,0.504659640409308,20.615274742334016,-12.193220027440217
0.015252852650833346,0.28819202215886353,0.49237373840734955,20.63950861473037,-12.19791354400194
0.017804267439329283,0.28961595903714121,0.4910980534750841,20.66815946100385,-12.203426610624359
0.008375147970935063,0.29061735699826513,0.4958124787291481,20.68761792222525,-12.206775467635829
-0.005885293582788486,0.3051977858435953,0.5029424333857289,20.71248011731248,-12.210858457772108
-0.0029552449292525075,0.30587985779528498,0.5014776019614786,20.74225819492395,-12.215843700741269
0.00997887822634316,0.30716408304300913,0.4950106415387086,20.756971196119174,-12.218465237419974
-0.01,0.30844597039139926,0.5134370810774845,20.78652191659611,-12.223484316549
0.009480736905138249,0.30931449475984713,0.4952597366529481,20.80632242032659,-12.226893427499292
-0.00919078764433338,0.31031543543586754,0.504595338603216,20.830862760988747,-12.230995035565956
-0.0003521325598357822,0.31166031803664929,0.5001760612175803,20.860683240012957,-12.235577358739823
-0.007848451630603989,0.31229016658904313,0.5039241101775185,20.8755029226239,-12.23785973002788
0.010656340024997634,0.31711257432743933,0.4946719831854639,20.915063830469872,-12.243560962907978
0.006220408162558502,0.31762785751589051,0.4968899209357272,20.92976790504693,-12.245791743883395
-0.01,0.31814950877323928,0.5077040102772397,20.959578871465606,-12.24980235186026
-0.0035156250197990774,0.31943726195001448,0.5017577343102215,20.979561585028623,-12.2524474027518
0.012729881151987399,0.3203273066577409,0.4936352160282262,21.00424498363599,-12.2556983925251
0.005550070408885974,0.32086446082007547,0.49722501640095346,21.038671020867532,-12.259864803518488
0.023017091215160875,0.32246680055471089,0.4884916404225164,21.063140664121224,-12.26292584820491
-0.0010410671418132908,0.32303989898721569,0.500520511381901,21.077953354939694,-12.264470195531
-0.0008586256473903064,0.32235769751791554,0.500429304103128,21.10782772452567,-12.267533086600164
-0.0023017328192627274,0.32280557935152376,0.5011508387519923,21.12272069749494,-12.268971721205583
-0.01,0.32408019453508563,0.5098005414553292,21.162941917590967,-12.27242609508075
-0.01,0.32440407639895957,0.5191966789550126,21.188211551302164,-12.274623102001891
0.0027834910739116324,0.32545989387208413,0.4986093841819054,21.20821795603587,-12.276005227624061
0.008329438846162445,0.32624742863990552,0.49583538542942796,21.232997899227993,-12.27778603946993
6.799433949116088e-06,0.32706025226668173,0.49999660038272087,21.25794308356187,-12.279315557146804
-0.006130775536813554,0.32804838992906826,0.5030653088391364,21.288135467775856,-12.280913918390448
0.0012661150078858777,0.32294454516890292,0.4993669565324842,21.308204417042457,-12.281917909913956
-0.00568393417574551,0.32326146320303639,0.5028418951309371,21.32318645091661,-12.28257939332038
0.006457055096944823,0.32419498437038585,0.49677155973779147,21.358197441142664,-12.283570985260246
-0.002114125337929259,0.32485854133131009,0.5010570418018407,21.38309837715035,-12.28409558067641
0.0010320219379629206,0.32554756730039702,0.49948400047223884,21.40815140410756,-12.284428044401682
0.0017255732983490499,0.32594614979874209,0.4991372625936403,21.423135514953536,-12.284625294631455
0.005595275059085272,0.32675766805609946,0.4972026745957323,21.453051757205166,-12.284791731809701
0.014103493077244556,0.32761812752956543,0.4929484784077786,21.482656587493867,-12.284607604396014
